--
-- PostgreSQL database dump
--

-- Dumped from database version 15.4
-- Dumped by pg_dump version 15.4

SET statement_timeout = 0;
SET lock_timeout = 0;
SET idle_in_transaction_session_timeout = 0;
SET client_encoding = 'UTF8';
SET standard_conforming_strings = on;
SELECT pg_catalog.set_config('search_path', '', false);
SET check_function_bodies = false;
SET xmloption = content;
SET client_min_messages = warning;
SET row_security = off;

SET default_tablespace = '';

SET default_table_access_method = heap;

--
-- Name: account_emailaddress; Type: TABLE; Schema: public; Owner: postgres
--

CREATE TABLE public.account_emailaddress (
    id integer NOT NULL,
    email character varying(254) NOT NULL,
    verified boolean NOT NULL,
    "primary" boolean NOT NULL,
    user_id integer NOT NULL
);


ALTER TABLE public.account_emailaddress OWNER TO postgres;

--
-- Name: account_emailaddress_id_seq; Type: SEQUENCE; Schema: public; Owner: postgres
--

ALTER TABLE public.account_emailaddress ALTER COLUMN id ADD GENERATED BY DEFAULT AS IDENTITY (
    SEQUENCE NAME public.account_emailaddress_id_seq
    START WITH 1
    INCREMENT BY 1
    NO MINVALUE
    NO MAXVALUE
    CACHE 1
);


--
-- Name: account_emailconfirmation; Type: TABLE; Schema: public; Owner: postgres
--

CREATE TABLE public.account_emailconfirmation (
    id integer NOT NULL,
    created timestamp with time zone NOT NULL,
    sent timestamp with time zone,
    key character varying(64) NOT NULL,
    email_address_id integer NOT NULL
);


ALTER TABLE public.account_emailconfirmation OWNER TO postgres;

--
-- Name: account_emailconfirmation_id_seq; Type: SEQUENCE; Schema: public; Owner: postgres
--

ALTER TABLE public.account_emailconfirmation ALTER COLUMN id ADD GENERATED BY DEFAULT AS IDENTITY (
    SEQUENCE NAME public.account_emailconfirmation_id_seq
    START WITH 1
    INCREMENT BY 1
    NO MINVALUE
    NO MAXVALUE
    CACHE 1
);


--
-- Name: auth_group; Type: TABLE; Schema: public; Owner: postgres
--

CREATE TABLE public.auth_group (
    id integer NOT NULL,
    name character varying(150) NOT NULL
);


ALTER TABLE public.auth_group OWNER TO postgres;

--
-- Name: auth_group_id_seq; Type: SEQUENCE; Schema: public; Owner: postgres
--

ALTER TABLE public.auth_group ALTER COLUMN id ADD GENERATED BY DEFAULT AS IDENTITY (
    SEQUENCE NAME public.auth_group_id_seq
    START WITH 1
    INCREMENT BY 1
    NO MINVALUE
    NO MAXVALUE
    CACHE 1
);


--
-- Name: auth_group_permissions; Type: TABLE; Schema: public; Owner: postgres
--

CREATE TABLE public.auth_group_permissions (
    id bigint NOT NULL,
    group_id integer NOT NULL,
    permission_id integer NOT NULL
);


ALTER TABLE public.auth_group_permissions OWNER TO postgres;

--
-- Name: auth_group_permissions_id_seq; Type: SEQUENCE; Schema: public; Owner: postgres
--

ALTER TABLE public.auth_group_permissions ALTER COLUMN id ADD GENERATED BY DEFAULT AS IDENTITY (
    SEQUENCE NAME public.auth_group_permissions_id_seq
    START WITH 1
    INCREMENT BY 1
    NO MINVALUE
    NO MAXVALUE
    CACHE 1
);


--
-- Name: auth_permission; Type: TABLE; Schema: public; Owner: postgres
--

CREATE TABLE public.auth_permission (
    id integer NOT NULL,
    name character varying(255) NOT NULL,
    content_type_id integer NOT NULL,
    codename character varying(100) NOT NULL
);


ALTER TABLE public.auth_permission OWNER TO postgres;

--
-- Name: auth_permission_id_seq; Type: SEQUENCE; Schema: public; Owner: postgres
--

ALTER TABLE public.auth_permission ALTER COLUMN id ADD GENERATED BY DEFAULT AS IDENTITY (
    SEQUENCE NAME public.auth_permission_id_seq
    START WITH 1
    INCREMENT BY 1
    NO MINVALUE
    NO MAXVALUE
    CACHE 1
);


--
-- Name: auth_user; Type: TABLE; Schema: public; Owner: postgres
--

CREATE TABLE public.auth_user (
    id integer NOT NULL,
    password character varying(128) NOT NULL,
    last_login timestamp with time zone,
    is_superuser boolean NOT NULL,
    username character varying(150) NOT NULL,
    first_name character varying(150) NOT NULL,
    last_name character varying(150) NOT NULL,
    email character varying(254) NOT NULL,
    is_staff boolean NOT NULL,
    is_active boolean NOT NULL,
    date_joined timestamp with time zone NOT NULL
);


ALTER TABLE public.auth_user OWNER TO postgres;

--
-- Name: auth_user_groups; Type: TABLE; Schema: public; Owner: postgres
--

CREATE TABLE public.auth_user_groups (
    id bigint NOT NULL,
    user_id integer NOT NULL,
    group_id integer NOT NULL
);


ALTER TABLE public.auth_user_groups OWNER TO postgres;

--
-- Name: auth_user_groups_id_seq; Type: SEQUENCE; Schema: public; Owner: postgres
--

ALTER TABLE public.auth_user_groups ALTER COLUMN id ADD GENERATED BY DEFAULT AS IDENTITY (
    SEQUENCE NAME public.auth_user_groups_id_seq
    START WITH 1
    INCREMENT BY 1
    NO MINVALUE
    NO MAXVALUE
    CACHE 1
);


--
-- Name: auth_user_id_seq; Type: SEQUENCE; Schema: public; Owner: postgres
--

ALTER TABLE public.auth_user ALTER COLUMN id ADD GENERATED BY DEFAULT AS IDENTITY (
    SEQUENCE NAME public.auth_user_id_seq
    START WITH 1
    INCREMENT BY 1
    NO MINVALUE
    NO MAXVALUE
    CACHE 1
);


--
-- Name: auth_user_user_permissions; Type: TABLE; Schema: public; Owner: postgres
--

CREATE TABLE public.auth_user_user_permissions (
    id bigint NOT NULL,
    user_id integer NOT NULL,
    permission_id integer NOT NULL
);


ALTER TABLE public.auth_user_user_permissions OWNER TO postgres;

--
-- Name: auth_user_user_permissions_id_seq; Type: SEQUENCE; Schema: public; Owner: postgres
--

ALTER TABLE public.auth_user_user_permissions ALTER COLUMN id ADD GENERATED BY DEFAULT AS IDENTITY (
    SEQUENCE NAME public.auth_user_user_permissions_id_seq
    START WITH 1
    INCREMENT BY 1
    NO MINVALUE
    NO MAXVALUE
    CACHE 1
);


--
-- Name: django_admin_log; Type: TABLE; Schema: public; Owner: postgres
--

CREATE TABLE public.django_admin_log (
    id integer NOT NULL,
    action_time timestamp with time zone NOT NULL,
    object_id text,
    object_repr character varying(200) NOT NULL,
    action_flag smallint NOT NULL,
    change_message text NOT NULL,
    content_type_id integer,
    user_id integer NOT NULL,
    CONSTRAINT django_admin_log_action_flag_check CHECK ((action_flag >= 0))
);


ALTER TABLE public.django_admin_log OWNER TO postgres;

--
-- Name: django_admin_log_id_seq; Type: SEQUENCE; Schema: public; Owner: postgres
--

ALTER TABLE public.django_admin_log ALTER COLUMN id ADD GENERATED BY DEFAULT AS IDENTITY (
    SEQUENCE NAME public.django_admin_log_id_seq
    START WITH 1
    INCREMENT BY 1
    NO MINVALUE
    NO MAXVALUE
    CACHE 1
);


--
-- Name: django_content_type; Type: TABLE; Schema: public; Owner: postgres
--

CREATE TABLE public.django_content_type (
    id integer NOT NULL,
    app_label character varying(100) NOT NULL,
    model character varying(100) NOT NULL
);


ALTER TABLE public.django_content_type OWNER TO postgres;

--
-- Name: django_content_type_id_seq; Type: SEQUENCE; Schema: public; Owner: postgres
--

ALTER TABLE public.django_content_type ALTER COLUMN id ADD GENERATED BY DEFAULT AS IDENTITY (
    SEQUENCE NAME public.django_content_type_id_seq
    START WITH 1
    INCREMENT BY 1
    NO MINVALUE
    NO MAXVALUE
    CACHE 1
);


--
-- Name: django_migrations; Type: TABLE; Schema: public; Owner: postgres
--

CREATE TABLE public.django_migrations (
    id bigint NOT NULL,
    app character varying(255) NOT NULL,
    name character varying(255) NOT NULL,
    applied timestamp with time zone NOT NULL
);


ALTER TABLE public.django_migrations OWNER TO postgres;

--
-- Name: django_migrations_id_seq; Type: SEQUENCE; Schema: public; Owner: postgres
--

ALTER TABLE public.django_migrations ALTER COLUMN id ADD GENERATED BY DEFAULT AS IDENTITY (
    SEQUENCE NAME public.django_migrations_id_seq
    START WITH 1
    INCREMENT BY 1
    NO MINVALUE
    NO MAXVALUE
    CACHE 1
);


--
-- Name: django_session; Type: TABLE; Schema: public; Owner: postgres
--

CREATE TABLE public.django_session (
    session_key character varying(40) NOT NULL,
    session_data text NOT NULL,
    expire_date timestamp with time zone NOT NULL
);


ALTER TABLE public.django_session OWNER TO postgres;

--
-- Name: home_contact; Type: TABLE; Schema: public; Owner: postgres
--

CREATE TABLE public.home_contact (
    id bigint NOT NULL,
    name character varying(122) NOT NULL,
    email character varying(254) NOT NULL,
    message text NOT NULL,
    date timestamp with time zone NOT NULL
);


ALTER TABLE public.home_contact OWNER TO postgres;

--
-- Name: home_contact_id_seq; Type: SEQUENCE; Schema: public; Owner: postgres
--

ALTER TABLE public.home_contact ALTER COLUMN id ADD GENERATED BY DEFAULT AS IDENTITY (
    SEQUENCE NAME public.home_contact_id_seq
    START WITH 1
    INCREMENT BY 1
    NO MINVALUE
    NO MAXVALUE
    CACHE 1
);


--
-- Name: home_poem; Type: TABLE; Schema: public; Owner: postgres
--

CREATE TABLE public.home_poem (
    id integer NOT NULL,
    title character varying(255) NOT NULL,
    year integer NOT NULL,
    language character varying(255) NOT NULL,
    written_for character varying(255) NOT NULL,
    content text NOT NULL,
    CONSTRAINT home_poem_year_check CHECK ((year >= 0))
);


ALTER TABLE public.home_poem OWNER TO postgres;

--
-- Name: home_poem_id_seq; Type: SEQUENCE; Schema: public; Owner: postgres
--

ALTER TABLE public.home_poem ALTER COLUMN id ADD GENERATED BY DEFAULT AS IDENTITY (
    SEQUENCE NAME public.home_poem_id_seq
    START WITH 1
    INCREMENT BY 1
    NO MINVALUE
    NO MAXVALUE
    CACHE 1
);


--
-- Name: home_user; Type: TABLE; Schema: public; Owner: postgres
--

CREATE TABLE public.home_user (
    id bigint NOT NULL,
    username character varying(50) NOT NULL,
    password character varying(255) NOT NULL,
    email character varying(254) NOT NULL
);


ALTER TABLE public.home_user OWNER TO postgres;

--
-- Name: home_user_id_seq; Type: SEQUENCE; Schema: public; Owner: postgres
--

ALTER TABLE public.home_user ALTER COLUMN id ADD GENERATED BY DEFAULT AS IDENTITY (
    SEQUENCE NAME public.home_user_id_seq
    START WITH 1
    INCREMENT BY 1
    NO MINVALUE
    NO MAXVALUE
    CACHE 1
);


--
-- Name: social_auth_association; Type: TABLE; Schema: public; Owner: postgres
--

CREATE TABLE public.social_auth_association (
    id bigint NOT NULL,
    server_url character varying(255) NOT NULL,
    handle character varying(255) NOT NULL,
    secret character varying(255) NOT NULL,
    issued integer NOT NULL,
    lifetime integer NOT NULL,
    assoc_type character varying(64) NOT NULL
);


ALTER TABLE public.social_auth_association OWNER TO postgres;

--
-- Name: social_auth_association_id_seq; Type: SEQUENCE; Schema: public; Owner: postgres
--

ALTER TABLE public.social_auth_association ALTER COLUMN id ADD GENERATED BY DEFAULT AS IDENTITY (
    SEQUENCE NAME public.social_auth_association_id_seq
    START WITH 1
    INCREMENT BY 1
    NO MINVALUE
    NO MAXVALUE
    CACHE 1
);


--
-- Name: social_auth_code; Type: TABLE; Schema: public; Owner: postgres
--

CREATE TABLE public.social_auth_code (
    id bigint NOT NULL,
    email character varying(254) NOT NULL,
    code character varying(32) NOT NULL,
    verified boolean NOT NULL,
    "timestamp" timestamp with time zone NOT NULL
);


ALTER TABLE public.social_auth_code OWNER TO postgres;

--
-- Name: social_auth_code_id_seq; Type: SEQUENCE; Schema: public; Owner: postgres
--

ALTER TABLE public.social_auth_code ALTER COLUMN id ADD GENERATED BY DEFAULT AS IDENTITY (
    SEQUENCE NAME public.social_auth_code_id_seq
    START WITH 1
    INCREMENT BY 1
    NO MINVALUE
    NO MAXVALUE
    CACHE 1
);


--
-- Name: social_auth_nonce; Type: TABLE; Schema: public; Owner: postgres
--

CREATE TABLE public.social_auth_nonce (
    id bigint NOT NULL,
    server_url character varying(255) NOT NULL,
    "timestamp" integer NOT NULL,
    salt character varying(65) NOT NULL
);


ALTER TABLE public.social_auth_nonce OWNER TO postgres;

--
-- Name: social_auth_nonce_id_seq; Type: SEQUENCE; Schema: public; Owner: postgres
--

ALTER TABLE public.social_auth_nonce ALTER COLUMN id ADD GENERATED BY DEFAULT AS IDENTITY (
    SEQUENCE NAME public.social_auth_nonce_id_seq
    START WITH 1
    INCREMENT BY 1
    NO MINVALUE
    NO MAXVALUE
    CACHE 1
);


--
-- Name: social_auth_partial; Type: TABLE; Schema: public; Owner: postgres
--

CREATE TABLE public.social_auth_partial (
    id bigint NOT NULL,
    token character varying(32) NOT NULL,
    next_step smallint NOT NULL,
    backend character varying(32) NOT NULL,
    "timestamp" timestamp with time zone NOT NULL,
    data jsonb NOT NULL,
    CONSTRAINT social_auth_partial_next_step_check CHECK ((next_step >= 0))
);


ALTER TABLE public.social_auth_partial OWNER TO postgres;

--
-- Name: social_auth_partial_id_seq; Type: SEQUENCE; Schema: public; Owner: postgres
--

ALTER TABLE public.social_auth_partial ALTER COLUMN id ADD GENERATED BY DEFAULT AS IDENTITY (
    SEQUENCE NAME public.social_auth_partial_id_seq
    START WITH 1
    INCREMENT BY 1
    NO MINVALUE
    NO MAXVALUE
    CACHE 1
);


--
-- Name: social_auth_usersocialauth; Type: TABLE; Schema: public; Owner: postgres
--

CREATE TABLE public.social_auth_usersocialauth (
    id bigint NOT NULL,
    provider character varying(32) NOT NULL,
    uid character varying(255) NOT NULL,
    user_id integer NOT NULL,
    created timestamp with time zone NOT NULL,
    modified timestamp with time zone NOT NULL,
    extra_data jsonb NOT NULL
);


ALTER TABLE public.social_auth_usersocialauth OWNER TO postgres;

--
-- Name: social_auth_usersocialauth_id_seq; Type: SEQUENCE; Schema: public; Owner: postgres
--

ALTER TABLE public.social_auth_usersocialauth ALTER COLUMN id ADD GENERATED BY DEFAULT AS IDENTITY (
    SEQUENCE NAME public.social_auth_usersocialauth_id_seq
    START WITH 1
    INCREMENT BY 1
    NO MINVALUE
    NO MAXVALUE
    CACHE 1
);


--
-- Name: socialaccount_socialaccount; Type: TABLE; Schema: public; Owner: postgres
--

CREATE TABLE public.socialaccount_socialaccount (
    id integer NOT NULL,
    provider character varying(200) NOT NULL,
    uid character varying(191) NOT NULL,
    last_login timestamp with time zone NOT NULL,
    date_joined timestamp with time zone NOT NULL,
    extra_data text NOT NULL,
    user_id integer NOT NULL
);


ALTER TABLE public.socialaccount_socialaccount OWNER TO postgres;

--
-- Name: socialaccount_socialaccount_id_seq; Type: SEQUENCE; Schema: public; Owner: postgres
--

ALTER TABLE public.socialaccount_socialaccount ALTER COLUMN id ADD GENERATED BY DEFAULT AS IDENTITY (
    SEQUENCE NAME public.socialaccount_socialaccount_id_seq
    START WITH 1
    INCREMENT BY 1
    NO MINVALUE
    NO MAXVALUE
    CACHE 1
);


--
-- Name: socialaccount_socialapp; Type: TABLE; Schema: public; Owner: postgres
--

CREATE TABLE public.socialaccount_socialapp (
    id integer NOT NULL,
    provider character varying(30) NOT NULL,
    name character varying(40) NOT NULL,
    client_id character varying(191) NOT NULL,
    secret character varying(191) NOT NULL,
    key character varying(191) NOT NULL,
    provider_id character varying(200) NOT NULL,
    settings jsonb NOT NULL
);


ALTER TABLE public.socialaccount_socialapp OWNER TO postgres;

--
-- Name: socialaccount_socialapp_id_seq; Type: SEQUENCE; Schema: public; Owner: postgres
--

ALTER TABLE public.socialaccount_socialapp ALTER COLUMN id ADD GENERATED BY DEFAULT AS IDENTITY (
    SEQUENCE NAME public.socialaccount_socialapp_id_seq
    START WITH 1
    INCREMENT BY 1
    NO MINVALUE
    NO MAXVALUE
    CACHE 1
);


--
-- Name: socialaccount_socialtoken; Type: TABLE; Schema: public; Owner: postgres
--

CREATE TABLE public.socialaccount_socialtoken (
    id integer NOT NULL,
    token text NOT NULL,
    token_secret text NOT NULL,
    expires_at timestamp with time zone,
    account_id integer NOT NULL,
    app_id integer NOT NULL
);


ALTER TABLE public.socialaccount_socialtoken OWNER TO postgres;

--
-- Name: socialaccount_socialtoken_id_seq; Type: SEQUENCE; Schema: public; Owner: postgres
--

ALTER TABLE public.socialaccount_socialtoken ALTER COLUMN id ADD GENERATED BY DEFAULT AS IDENTITY (
    SEQUENCE NAME public.socialaccount_socialtoken_id_seq
    START WITH 1
    INCREMENT BY 1
    NO MINVALUE
    NO MAXVALUE
    CACHE 1
);


--
-- Data for Name: account_emailaddress; Type: TABLE DATA; Schema: public; Owner: postgres
--

COPY public.account_emailaddress (id, email, verified, "primary", user_id) FROM stdin;
\.


--
-- Data for Name: account_emailconfirmation; Type: TABLE DATA; Schema: public; Owner: postgres
--

COPY public.account_emailconfirmation (id, created, sent, key, email_address_id) FROM stdin;
\.


--
-- Data for Name: auth_group; Type: TABLE DATA; Schema: public; Owner: postgres
--

COPY public.auth_group (id, name) FROM stdin;
\.


--
-- Data for Name: auth_group_permissions; Type: TABLE DATA; Schema: public; Owner: postgres
--

COPY public.auth_group_permissions (id, group_id, permission_id) FROM stdin;
\.


--
-- Data for Name: auth_permission; Type: TABLE DATA; Schema: public; Owner: postgres
--

COPY public.auth_permission (id, name, content_type_id, codename) FROM stdin;
1	Can add log entry	1	add_logentry
2	Can change log entry	1	change_logentry
3	Can delete log entry	1	delete_logentry
4	Can view log entry	1	view_logentry
5	Can add permission	2	add_permission
6	Can change permission	2	change_permission
7	Can delete permission	2	delete_permission
8	Can view permission	2	view_permission
9	Can add group	3	add_group
10	Can change group	3	change_group
11	Can delete group	3	delete_group
12	Can view group	3	view_group
13	Can add user	4	add_user
14	Can change user	4	change_user
15	Can delete user	4	delete_user
16	Can view user	4	view_user
17	Can add content type	5	add_contenttype
18	Can change content type	5	change_contenttype
19	Can delete content type	5	delete_contenttype
20	Can view content type	5	view_contenttype
21	Can add session	6	add_session
22	Can change session	6	change_session
23	Can delete session	6	delete_session
24	Can view session	6	view_session
25	Can add contact	7	add_contact
26	Can change contact	7	change_contact
27	Can delete contact	7	delete_contact
28	Can view contact	7	view_contact
29	Can add poem	8	add_poem
30	Can change poem	8	change_poem
31	Can delete poem	8	delete_poem
32	Can view poem	8	view_poem
33	Can add email address	9	add_emailaddress
34	Can change email address	9	change_emailaddress
35	Can delete email address	9	delete_emailaddress
36	Can view email address	9	view_emailaddress
37	Can add email confirmation	10	add_emailconfirmation
38	Can change email confirmation	10	change_emailconfirmation
39	Can delete email confirmation	10	delete_emailconfirmation
40	Can view email confirmation	10	view_emailconfirmation
41	Can add social account	11	add_socialaccount
42	Can change social account	11	change_socialaccount
43	Can delete social account	11	delete_socialaccount
44	Can view social account	11	view_socialaccount
45	Can add social application	12	add_socialapp
46	Can change social application	12	change_socialapp
47	Can delete social application	12	delete_socialapp
48	Can view social application	12	view_socialapp
49	Can add social application token	13	add_socialtoken
50	Can change social application token	13	change_socialtoken
51	Can delete social application token	13	delete_socialtoken
52	Can view social application token	13	view_socialtoken
53	Can add association	14	add_association
54	Can change association	14	change_association
55	Can delete association	14	delete_association
56	Can view association	14	view_association
57	Can add code	15	add_code
58	Can change code	15	change_code
59	Can delete code	15	delete_code
60	Can view code	15	view_code
61	Can add nonce	16	add_nonce
62	Can change nonce	16	change_nonce
63	Can delete nonce	16	delete_nonce
64	Can view nonce	16	view_nonce
65	Can add user social auth	17	add_usersocialauth
66	Can change user social auth	17	change_usersocialauth
67	Can delete user social auth	17	delete_usersocialauth
68	Can view user social auth	17	view_usersocialauth
69	Can add partial	18	add_partial
70	Can change partial	18	change_partial
71	Can delete partial	18	delete_partial
72	Can view partial	18	view_partial
73	Can add user	19	add_user
74	Can change user	19	change_user
75	Can delete user	19	delete_user
76	Can view user	19	view_user
\.


--
-- Data for Name: auth_user; Type: TABLE DATA; Schema: public; Owner: postgres
--

COPY public.auth_user (id, password, last_login, is_superuser, username, first_name, last_name, email, is_staff, is_active, date_joined) FROM stdin;
1	pbkdf2_sha256$600000$EA0KBl9aoj6HmlfstRK2Z4$cayeBn2WQJWOCn/XfqN6wv/oD7jQcPs/tpdhAKdj9OQ=	2023-09-10 12:34:16.263596+05:30	t	prithu				t	t	2023-09-06 23:55:48.04836+05:30
19	!PMSnypZVdEWEveIBI9kML8lJh1goWgY4AFibc8rP	2023-09-10 12:46:00.550336+05:30	f	f20221795	PRITHU PARESH DAS	.	f20221795@hyderabad.bits-pilani.ac.in	f	t	2023-09-10 12:37:37.766911+05:30
15	pbkdf2_sha256$600000$uX2bwhH0KeSUa9EdmzoBBg$QkzAj2ufn5g3tE3XvZ8fcfW7BnvsivMVhRBGwD8ogTg=	2023-09-10 12:46:37.01956+05:30	f	rohan	Paresh	prithu	112@gmail.com	f	t	2023-09-09 19:29:35.275385+05:30
20	pbkdf2_sha256$600000$WHNcrN0kMcONNXuBhaeAnc$zcZFkej6keSQBBs+axE2+hlIdvKx9iECwqTDwZIdNJc=	2023-09-10 13:25:17.487243+05:30	f	pranav	Pranav	Kumar	pranav@baryons.net	f	t	2023-09-10 13:24:40.361986+05:30
2	!Phqg7sqUzutqCFy6g8MLOtvTd4Q30xoL9R31nVOV	2023-09-10 13:25:45.446664+05:30	f	paresh.prithu2205	Prithu	Paresh	paresh.prithu2205@gmail.com	f	t	2023-09-07 15:22:15.257349+05:30
\.


--
-- Data for Name: auth_user_groups; Type: TABLE DATA; Schema: public; Owner: postgres
--

COPY public.auth_user_groups (id, user_id, group_id) FROM stdin;
\.


--
-- Data for Name: auth_user_user_permissions; Type: TABLE DATA; Schema: public; Owner: postgres
--

COPY public.auth_user_user_permissions (id, user_id, permission_id) FROM stdin;
\.


--
-- Data for Name: django_admin_log; Type: TABLE DATA; Schema: public; Owner: postgres
--

COPY public.django_admin_log (id, action_time, object_id, object_repr, action_flag, change_message, content_type_id, user_id) FROM stdin;
1	2023-09-07 00:02:30.202587+05:30	1	Prithu Paresh - paresh.prithu2205@gmail.com	1	[{"added": {}}]	7	1
2	2023-09-07 00:53:01.183257+05:30	1	To Prithu on his Birthday	1	[{"added": {}}]	8	1
3	2023-09-07 00:55:13.349669+05:30	2	On the Birthday of Ch.Prithu	1	[{"added": {}}]	8	1
4	2023-09-07 15:25:19.487798+05:30	2	Kya hua - terawada@wokasam.com	2	[{"changed": {"fields": ["Name", "Message"]}}]	7	1
5	2023-09-07 23:00:03.374255+05:30	2	Kya hua - terawada@wokasam.com	3		7	1
6	2023-09-07 23:02:20.550506+05:30	3	How Long And What For	1	[{"added": {}}]	8	1
7	2023-09-07 23:03:16.688177+05:30	4	चि० दीपेन्द्र कें जन्मदिवस पर	1	[{"added": {}}]	8	1
8	2023-09-07 23:07:06.621329+05:30	4	चि० दीपेन्द्र कें जन्मदिवस पर	3		8	1
9	2023-09-07 23:07:06.668427+05:30	3	How Long And What For	3		8	1
10	2023-09-07 23:07:06.675909+05:30	2	On the Birthday of Ch.Prithu	3		8	1
11	2023-09-07 23:07:06.6803+05:30	1	To Prithu on his Birthday	3		8	1
12	2023-09-07 23:11:59.707644+05:30	5	On the Birthday of Ch.Prithu	1	[{"added": {}}]	8	1
13	2023-09-07 23:13:52.837094+05:30	6	To Prithu on his Birthday, May 22	1	[{"added": {}}]	8	1
14	2023-09-07 23:23:53.985905+05:30	1	To Prithu on his Birthday, May 22	1	[{"added": {}}]	8	1
15	2023-09-07 23:25:24.585023+05:30	2	How long and what for	1	[{"added": {}}]	8	1
16	2023-09-07 23:28:02.979145+05:30	3	Welcome New Year 2021	1	[{"added": {}}]	8	1
17	2023-09-07 23:29:53.353769+05:30	4	On the Birthday of Ch.Prithu	1	[{"added": {}}]	8	1
18	2023-09-07 23:30:56.189845+05:30	5	नव-वर्षक हर्ष सँ हर्षाएल।	1	[{"added": {}}]	8	1
19	2023-09-07 23:32:29.189869+05:30	6	विसरल न जाए अप्पन मिथिला।	1	[{"added": {}}]	8	1
20	2023-09-07 23:37:11.976732+05:30	7	चि०आरतीक जन्मदिवस।	1	[{"added": {}}]	8	1
21	2023-09-07 23:38:29.948599+05:30	8	चि० दीपेन्द्र कें जन्मदिवस पर	1	[{"added": {}}]	8	1
22	2023-09-07 23:39:19.368953+05:30	9	विसरल सन जे मोन पड़ि जाइछ।	1	[{"added": {}}]	8	1
23	2023-09-07 23:40:16.739284+05:30	10	सजन अहँक सुधि सूतए ने  दैए।	1	[{"added": {}}]	8	1
24	2023-09-07 23:44:16.873054+05:30	11	विश्वक नक़्शा मे फेंट गाम अनलनि प्रत्यूषे सर्वप्रथम"	1	[{"added": {}}]	8	1
25	2023-09-08 00:50:14.430014+05:30	1	User object (1)	1	[{"added": {}}]	19	1
26	2023-09-08 17:10:30.031028+05:30	10	सजन अहँक सुधि सूतए ने  दैए।	3		8	1
59	2023-09-09 18:43:34.128376+05:30	10	112	3		4	1
60	2023-09-09 18:43:34.141746+05:30	7	dd	3		4	1
61	2023-09-09 18:43:34.14575+05:30	6	saw	3		4	1
62	2023-09-09 18:43:34.150593+05:30	8	ss	3		4	1
63	2023-09-09 18:43:34.154611+05:30	9	ssdd	3		4	1
64	2023-09-09 19:33:21.144746+05:30	11	11	3		4	1
65	2023-09-09 19:33:21.148932+05:30	14	11111111	3		4	1
66	2023-09-09 19:33:21.152576+05:30	13	1111111111	3		4	1
67	2023-09-09 19:33:21.156147+05:30	12	ssad	3		4	1
68	2023-09-10 12:34:27.3902+05:30	16	prithu2	3		4	1
69	2023-09-10 12:34:27.402287+05:30	18	sssssssss	3		4	1
70	2023-09-10 12:34:27.406887+05:30	17	tingu	3		4	1
\.


--
-- Data for Name: django_content_type; Type: TABLE DATA; Schema: public; Owner: postgres
--

COPY public.django_content_type (id, app_label, model) FROM stdin;
1	admin	logentry
2	auth	permission
3	auth	group
4	auth	user
5	contenttypes	contenttype
6	sessions	session
7	home	contact
8	home	poem
9	account	emailaddress
10	account	emailconfirmation
11	socialaccount	socialaccount
12	socialaccount	socialapp
13	socialaccount	socialtoken
14	social_django	association
15	social_django	code
16	social_django	nonce
17	social_django	usersocialauth
18	social_django	partial
19	home	user
\.


--
-- Data for Name: django_migrations; Type: TABLE DATA; Schema: public; Owner: postgres
--

COPY public.django_migrations (id, app, name, applied) FROM stdin;
1	contenttypes	0001_initial	2023-09-06 17:24:10.691659+05:30
2	auth	0001_initial	2023-09-06 17:24:10.847367+05:30
3	admin	0001_initial	2023-09-06 17:24:10.88645+05:30
4	admin	0002_logentry_remove_auto_add	2023-09-06 17:24:10.900223+05:30
5	admin	0003_logentry_add_action_flag_choices	2023-09-06 17:24:10.915409+05:30
6	contenttypes	0002_remove_content_type_name	2023-09-06 17:24:10.938734+05:30
7	auth	0002_alter_permission_name_max_length	2023-09-06 17:24:10.95156+05:30
8	auth	0003_alter_user_email_max_length	2023-09-06 17:24:10.965904+05:30
9	auth	0004_alter_user_username_opts	2023-09-06 17:24:10.979827+05:30
10	auth	0005_alter_user_last_login_null	2023-09-06 17:24:10.998303+05:30
11	auth	0006_require_contenttypes_0002	2023-09-06 17:24:11.006078+05:30
12	auth	0007_alter_validators_add_error_messages	2023-09-06 17:24:11.018375+05:30
13	auth	0008_alter_user_username_max_length	2023-09-06 17:24:11.041843+05:30
14	auth	0009_alter_user_last_name_max_length	2023-09-06 17:24:11.056187+05:30
15	auth	0010_alter_group_name_max_length	2023-09-06 17:24:11.070347+05:30
16	auth	0011_update_proxy_permissions	2023-09-06 17:24:11.081464+05:30
17	auth	0012_alter_user_first_name_max_length	2023-09-06 17:24:11.097538+05:30
23	sessions	0001_initial	2023-09-06 17:24:11.195186+05:30
24	account	0001_initial	2023-09-07 04:56:39.723484+05:30
25	account	0002_email_max_length	2023-09-07 04:56:41.932243+05:30
26	account	0003_alter_emailaddress_create_unique_verified_email	2023-09-07 04:56:43.333909+05:30
27	account	0004_alter_emailaddress_drop_unique_email	2023-09-07 04:56:47.166355+05:30
28	socialaccount	0001_initial	2023-09-07 05:00:42.509161+05:30
29	socialaccount	0002_token_max_lengths	2023-09-07 05:00:44.366686+05:30
30	socialaccount	0003_extra_data_default_dict	2023-09-07 05:00:44.495236+05:30
31	socialaccount	0004_app_provider_id_settings	2023-09-07 05:00:46.1828+05:30
32	default	0001_initial	2023-09-07 05:16:01.466381+05:30
33	social_auth	0001_initial	2023-09-07 05:16:01.589767+05:30
34	default	0002_add_related_name	2023-09-07 05:16:01.730361+05:30
35	social_auth	0002_add_related_name	2023-09-07 05:16:01.733188+05:30
36	default	0003_alter_email_max_length	2023-09-07 05:16:01.835294+05:30
37	social_auth	0003_alter_email_max_length	2023-09-07 05:16:01.837966+05:30
38	default	0004_auto_20160423_0400	2023-09-07 05:16:01.968038+05:30
39	social_auth	0004_auto_20160423_0400	2023-09-07 05:16:01.970875+05:30
40	social_auth	0005_auto_20160727_2333	2023-09-07 05:16:02.195055+05:30
41	social_django	0006_partial	2023-09-07 05:16:03.248947+05:30
42	social_django	0007_code_timestamp	2023-09-07 05:16:03.381396+05:30
43	social_django	0008_partial_timestamp	2023-09-07 05:16:03.858937+05:30
44	social_django	0009_auto_20191118_0520	2023-09-07 05:16:04.237004+05:30
45	social_django	0010_uid_db_index	2023-09-07 05:16:04.585808+05:30
46	social_django	0011_alter_id_fields	2023-09-07 05:16:09.533885+05:30
47	social_django	0012_usersocialauth_extra_data_new	2023-09-07 05:16:10.388401+05:30
48	social_django	0013_migrate_extra_data	2023-09-07 05:16:10.572092+05:30
49	social_django	0014_remove_usersocialauth_extra_data	2023-09-07 05:16:10.79204+05:30
50	social_django	0015_rename_extra_data_new_usersocialauth_extra_data	2023-09-07 05:16:11.154495+05:30
51	social_django	0003_alter_email_max_length	2023-09-07 05:16:11.278391+05:30
52	social_django	0005_auto_20160727_2333	2023-09-07 05:16:11.395121+05:30
53	social_django	0002_add_related_name	2023-09-07 05:16:11.517565+05:30
54	social_django	0001_initial	2023-09-07 05:16:11.63756+05:30
55	social_django	0004_auto_20160423_0400	2023-09-07 05:16:11.758936+05:30
\.


--
-- Data for Name: django_session; Type: TABLE DATA; Schema: public; Owner: postgres
--

COPY public.django_session (session_key, session_data, expire_date) FROM stdin;
7t7hv35x8u4n6i0z72o32ipf34lget53	.eJxVjMsOwiAUBf-FtSG8Hy7d9xvIBS5SNZCUdmX8d9ukC92emTlvEmBba9gGLmHO5Eo4ufxuEdIT2wHyA9q909TbusyRHgo96aBTz_i6ne7fQYVR91oKHw3XBsHpIkH4AlJhtlxpnazzwKzh1gnGEa3A3VXe28iiSoIXx8jnC8ReNuo:1qdxGa:pTyUSAsI9neTEJhvnIqRDGh_5PkXd7-_s8G8XrxVPhQ	2023-09-20 23:58:40.252191+05:30
jy1d2uu9iwlf1wqgtk6nvgd0oakbfo2g	.eJxdkLEOgjAQht-lsxKkcE3ddNGYEAfioEtztFcgEJtYMIjx3QV1UKdL_sv3f5e7s8K5oqG5w64tI-VbbIkt2U0MXW9Ph8xl1Kd1etyB2V3Xw5Zg09ciYjOmJkJ1ni6qMiPyl-WoazpPC-90hY3S7kLBJ_XBWxtsXmO_muS_fIm-HGFrRK71ghuSEZAME55TvLBoIUFKgAsSEKNNDAkBXAIHjSR5xCXZUMd2LP34X9UN-lY1rqjOXwf-vIA9noqOXfg:1qeIPS:qxdnbcY4gdp9L81tH9_CVu5Ic8CyRM9XRaeh2itxr3Q	2023-09-21 22:33:14.983265+05:30
c5cuqw0wlh0kmsmlsb4g0sj4qzdt0f5i	.eJxVjMsOwiAUBf-FtSG8Hy7d9xvIBS5SNZCUdmX8d9ukC92emTlvEmBba9gGLmHO5Eo4ufxuEdIT2wHyA9q909TbusyRHgo96aBTz_i6ne7fQYVR91oKHw3XBsHpIkH4AlJhtlxpnazzwKzh1gnGEa3A3VXe28iiSoIXx8jnC8ReNuo:1qeIPp:TxJs6ZK7Qf4V21fUDNkhD9NVyVQiwp3BWY0Il-Jbc6E	2023-09-21 22:33:37.407121+05:30
fnvf2du1ujuivzje6bq55ucgp9pr4g3o	eyJnb29nbGUtb2F1dGgyX3N0YXRlIjoiSUJwS1MyUHFrTlh4bUdLaVRwSkFWZzhCTTkyeWpsS2YifQ:1qeWCe:vcqN78-JFeHg__fvx_6OZQLGwbGVee0Try_i3G9k8lM	2023-09-22 13:16:56.458183+05:30
hwq991aqpmgelg51vjp8vbyysjw8h13k	eyJnb29nbGUtb2F1dGgyX3N0YXRlIjoibmRvWXJzZWhMNE5mUmVkbTZBYjZEWE9YUjNtbVE2WkgifQ:1qeuHi:uKb5ohUVGblTyN_YAECHD3BkqBP81DFjaiSk4XMTxNI	2023-09-23 14:59:46.061922+05:30
zez7oqrzh0rbyp7szgpvev2vx223rep5	.eJxVkLEOgjAQht-lsxKh0KZumhiNJjgZ49Qc7RWQSpWWyfjugjrIdMl_-f7vck9SOldanDvoQ5VIHyAgWZKTuB83Fb8rbW-Ha942Jo_Dg-76w8Wvz_sHmRE5ErL32MlaD0gyzQpQDbbjwjtVg5XKdRj9Uh99tdH2M46rUT7lK_DVABvNC6ViqlEkDMUiowWmsQHDMsCMUY6cpWAyjZwzKhhlClDQhAo0C5WaofTn_1Rb8EFaV9bt34GTF5DXG3F7Xeg:1qezxa:_pSaUkQerJkEmGfjlSOrrEJqP8hlidJxl_nZi0mVR5s	2023-09-23 21:03:22.757178+05:30
nlo86auoqpq51b1kiu84yd6v0f5ho8zk	eyJnb29nbGUtb2F1dGgyX3N0YXRlIjoiSnByYm5TODAxSUNXRlZVa0RMSGZpc2lpMklySlNrZDQifQ:1qf0yL:6OaIsvqyzh1mx0QzCuzBpjwZcojzZcH1vSBmE8rX4es	2023-09-23 22:08:13.45784+05:30
\.


--
-- Data for Name: home_contact; Type: TABLE DATA; Schema: public; Owner: postgres
--

COPY public.home_contact (id, name, email, message, date) FROM stdin;
1	Arti Das	artidas29@yahoo.co.in	Hi this is a test	2023-09-09 22:04:18.369301+05:30
2	Pranav	pranav@baryons.net	HI this is a test	2023-09-10 13:26:20.797362+05:30
\.


--
-- Data for Name: home_poem; Type: TABLE DATA; Schema: public; Owner: postgres
--

COPY public.home_poem (id, title, year, language, written_for, content) FROM stdin;
1	To Prithu on his Birthday, May 22	2022	English	Prithu Paresh	To Prithu on his Birthday, May 22\r\nWish you very happy resounding Birthday,\r\nAs also the hovering clouds from the sky say-\r\nSomething like the message of the Heaven agay,\r\nIn drizzles like soliloquising soberly in this way.\r\n                \r\nParimal, 22 May-Bangalore
2	How long and what for	2021	English	General	How long and what for\r\nEvery morning usually hurls at my door,\r\nSuch questions-How long and what for.\r\nWell answer forthright does keep ringing,\r\nIn my throat before I drop it into a singing.\r\nthe chill of old age pokes me to be dumb,\r\nIdo not allow my spirit at all to be numb.\r\nTo the maladies of old age I won’t succumb.\r\nWith every pain let happiness swing aplomb.\r\nSo long as I can commune with ambience,\r\nBy groping the tranquility,for new experience.\r\nLet my elan vital in this way play good game,\r\nMaking superfine saga with suitable name.\r\nThe fact of the matter is I do not keep aloof,\r\nMy journey as above does bear ample proof.\r\nParimal,Banglore - 9 Jan 2021
3	Welcome New Year 2021	2020	English	General	Welcome New Year Two Thousand Twenty One\r\nWhisking off Corona’s fear as you step in anon.\r\nLet the ghost of the pandemic be soon swept away,\r\nBy the happiness as you unleash brighter Sun-ray.\r\n\r\nNow is an occasion just to be on swing in delight,\r\nWe have shown unending indefatigable might,\r\nSteadily and resourcefully putting up our fight,\r\nJust to play your game hence chances are bright.\r\n\r\nWe did not ever acquiesce in to any defeat.\r\nNow your arrival gives opportune time for treat.\r\nHaving robust hope we now have to go to greet,\r\nAny task that does defiantly come here to meet.\r\n\r\nRoad ahead appears wide open for one to day,\r\nIf and when he ventures out on his opted way,\r\nFor What so ever role as he desires hence to play,\r\nSans wait for appropriate sunshine to make his hey.\r\n\r\nOne ought to have himself an aptitude to mould ,\r\nA situation where he happens to his convenience .\r\nAs for pursuing his path he has to remain ever bold,\r\nBefore he reaches the cherished goal of ambience.\r\n\r\nWhirling in the eddies of the river of time as we go,\r\nThere is no escape from the ebb and tide in the flow.\r\nOne must have propensity to modulate without ado,\r\nIn accordance with the tune of time making its furrow.\r\n\r\nParimal,Bangalore
4	On the Birthday of Ch.Prithu	2021	English	Prithu Paresh	On the Birthday of Ch.Prithu\r\nThe month of May is harbinger of the rains,\r\nYour Birthday must be the presage of your gains.\r\nMorrow will see you must reach your goal,\r\nAs you are keeping up with long strains.\r\nI see the silver lining ahead of any cloud,\r\nThat may be delaying the flow of drains,\r\nOf such success as must a failure shroud.\r\n\r\nParimal, Bangalore.
5	नव-वर्षक हर्ष सँ हर्षाएल।	2021	Maithili	General	नव-वर्षक हर्ष सँ हर्षाएल।\r\n\r\nनव वर्ष मे नव-उत्कर्ष भरल सबहक सुधि लैत छी हरियाएल ।\r\nगत वर्षक चलति झमारल मन ,नव-वर्षक हास लए हर्षाएल।\r\nआकाश जकाँ अरुणोदय सँ उल्लसित भए रहल अथोर छी हम।\r\nजते दूर लेने कल्पना चलल छू रहल दिगन्तक छोर छी हम।\r\nपवनक सुस्पर्श दए रहल ताल,नर्तन कें पुरैछ जेना पाएल।\r\nहटि गेल कोरोना केर अन्हार ओहि पार छाडि जे आएल छी,\r\nपल-पल जे अहर्निशि सोझाँ ठाढ ,नहिं तइ सँ आब डेराएल छी।\r\nपूछै लए स्वजन सँ,”कहू कुशल” नहिं कनियों प्रतीक्षा करए पड़त ,\r\nफटकी दू गज धरि दूर ठहरि दर्शन -अभिवादन करति बनत,\r\nनिश्छल,निर्मल सज्जनो कें प्रति हिय हएत ने शंका सँ क़ायल ।\r\nहम उबरि भँमर सँ विभिषिकाक तट पर सरिता केर आबि गेलौं,\r\nजे पएबा कें उमेद ने छल आश्रय से जेना स्मित पाबि गेलौं।\r\nतृणकण भरोस डुबइत कें दय ,ई प्रात एखन अछि ल आएल।\r\nआसन्न नव -जीवन आशा मे छी बढति चलि रहल अगुआएल।\r\nनव वर्षक हर्ष सँ हर्षाएल।\r\nपरिमल,बंगलोरु 1जनवरी,2021
6	विसरल न जाए अप्पन मिथिला।	2021	Maithili	General	विसरल न जाए अप्पन मिथिला।\r\nरहितहु नित कोसो दूर-दूर,विसरल न जाए अप्पन मिथिला।\r\nनिस्सरित रहए चेतन मे सघन गंगा-गंडक-कोसी-कमला।\r\nसुर-सरगम उठल मृदुल लहरिक ,\r\nरवि-रश्मिक संग पुरति छहरिक,\r\nअछि करितहिं जलधार सँ अबइत जल-थल वन वीरूध कें सुफला।\r\nहिमगिरिक उत्तुंग शिखर सँ उतरि\r\nमिथिलांगन सिंचित करि सभ तरि,\r\nकरितहिं जे निरन्तर अदौ सँआएल जल-थल -गगन सकल अमला।\r\nजहि माटिक पोसल अछि ई तन,\r\nमृदु पवनक गंध सँ फलकल मन,\r\nसुमिरैत सदा होय उत्कर्षित ओहि भूमिक मनहर चित्रकला।\r\nसमदावोन,बटगवनी,सोहर,\r\nललना-कल-कण्ठक पंचम स्वर,\r\nलहरि भरैत न थकए दिगन्त मे नभअछोर केर छोर मिला।\r\nविसरल न जाए अप्पन मिथिला।\r\n\r\nशारदानन्द दास परिमल।
7	चि०आरतीक जन्मदिवस।	2020	Maithili	Arti Das	अर्चना सँ भरि भवन मे भव्य भावक भारती,\r\nदीप्त कौशल सँ सजौने राखू अहँ गृह आरती।\r\nभरने पुर परिजन-स्वजन मे सामन्जस्यक छटा,\r\nछूबि न पाबए दिव्यता कें त्रुटि किछु एके रती,\r\nसाल बीतल जा रहल जे,सहज करि तकरा विदा,\r\nस्वागत मे नव-वर्ष के सुख छन्द भरि,करू आरती।\r\nपवन मे नन्दित पसरि व्यन्जित करत जे मन्जु नाद,\r\nकरति छाहरि रहत अहँ पर परिमलक शुभ आशीर्वाद।\r\n\r\nपरिमल,२९ दिसम्बर २०२०,बंगलुरु
8	चि० दीपेन्द्र कें जन्मदिवस पर	2021	Hindi	Dipendra Kumar	चि० दीपेन्द्र कें जन्मदिवस पर\r\nशुभाशीष नव वर्षक यात्रा सजग पार्थ सन करति बढ़ू।\r\nलक्ष्य-वेध करितहिं एहिना अहँ चढल विजय-रथ बढल चलू।\r\nघन तमसान्ध पसारने दशो-दिश दस्यु “कोरोना” रहओ भने,\r\nकुशल सब्यसाची सन कौशल सँ गिरि विघ्नक करि ढहल चलू।\r\nकर कोदण्ड प्रचण्ड न रहितो मेधा सँ हूंकार भरति,\r\nजय योधेय सोपान -कृतित्व सँ शिखरसाफल्यक चढल चलू।\r\n\r\nपरिमल,बेंगलूरु,१० जनवरी,२०२१
9	विसरल सन जे मोन पड़ि जाइछ।	2021	Maithili	General	विसरल सन जे मोन पड़ि जाइछ।\r\n\r\nविसरल सन जे मोन पड़ि जाइछ,सुतल अतीतक बात वा घटना,\r\nउगल कनोजरि लए मुस्काइछ, दग्ध सुखाएल घासक अँगना।\r\nजेना ,एहि बुढारी मे हम मुडि अतीत दिश वितान जे लै छी।\r\nमुखर अतीतक गान गबै छी।ह
11	विश्वक नक़्शा मे फेंट गाम अनलनि प्रत्यूषे सर्वप्रथम"	2020	Maithili	Pratyush Kumar	विश्वक नक़्शा मे फेंट गाम अनलनि प्रत्यूषे सर्वप्रथम"\r\nमेधा सँ जखन ई छूबि लेलनि विद्याक भवन मे लक्ष्य परम।\r\nजेना आन्जनेय कौतूहलवश कहियो रवि कें नभ मे छेंकल,\r\nतहिना भरि अपन उड़ान इहो विद्याक गगन मे छला ठेकल।\r\nनिज लगन परिश्रम सँ कएलनि बाबाक भविष्यक स्वप्न सिद्ध,\r\nलखि लक्षण हिनक छला बाजल वो दूरद्रष्टा भने आयुवृद्ध।\r\nबाहर अन्हार सँ अज्ञानक ओ गाम कें स्वयम अनने जे छला,\r\nशिक्षक बनि शिक्षा केर प्रसार परिवार-गाम मे कएने जे छला।\r\nहिनकहिं प्रयत्न सँ पसरल जे आलोक फेंट भए गेल धन्य,\r\nज्ञानक प्रकाश सँ जनजीवन जागलप्रबुद्ध बनि क चैतन्य।\r\nबाबा केर धर्म सँ उडि पोता आकाश मे नया क्षितिज छूलनि,\r\nहिनकर उड़ान रवि-शशिक सदृश परिभ्रमण करति समतूल भेलनि।\r\nबाबाक ग्रामसेवा कें सुमरि ग्रामोत्थानक कएलनि शुभ प्रयास,\r\nशौचालय सुलभ सँ युक्त कएल निर्धन निरुपायक दीन वास।\r\nप्राथमिक विद्यालय गाम मध्य बालक आ बालिका लेल फराक,\r\nशौचालय केर निर्माण कएल सुलभक प्रधान लए स्वास्थ्य ताक।\r\nआश्चर्य न तैं यदि फेंट गाम भए गेल विदेशो मे चर्चित,\r\nप्रत्यूष कुमारक लए प्रसंग आख्यान मे हिनकर नित वर्णित।\r\nपरिमल ,१ मार्च २०२० बंगलुरु\r\nलस
\.


--
-- Data for Name: home_user; Type: TABLE DATA; Schema: public; Owner: postgres
--

COPY public.home_user (id, username, password, email) FROM stdin;
1	saaketh	dskt090504	example@example.com
\.


--
-- Data for Name: social_auth_association; Type: TABLE DATA; Schema: public; Owner: postgres
--

COPY public.social_auth_association (id, server_url, handle, secret, issued, lifetime, assoc_type) FROM stdin;
\.


--
-- Data for Name: social_auth_code; Type: TABLE DATA; Schema: public; Owner: postgres
--

COPY public.social_auth_code (id, email, code, verified, "timestamp") FROM stdin;
\.


--
-- Data for Name: social_auth_nonce; Type: TABLE DATA; Schema: public; Owner: postgres
--

COPY public.social_auth_nonce (id, server_url, "timestamp", salt) FROM stdin;
\.


--
-- Data for Name: social_auth_partial; Type: TABLE DATA; Schema: public; Owner: postgres
--

COPY public.social_auth_partial (id, token, next_step, backend, "timestamp", data) FROM stdin;
\.


--
-- Data for Name: social_auth_usersocialauth; Type: TABLE DATA; Schema: public; Owner: postgres
--

COPY public.social_auth_usersocialauth (id, provider, uid, user_id, created, modified, extra_data) FROM stdin;
2	google-oauth2	f20221795@hyderabad.bits-pilani.ac.in	19	2023-09-10 12:37:37.775948+05:30	2023-09-10 12:46:00.536149+05:30	{"expires": 3599, "auth_time": 1694330160, "token_type": "Bearer", "access_token": "ya29.a0AfB_byCDjdj7KbWuxwpVnwmnhZma6Z98UD5q_sxgcaMnkP--lOQlVWqT9ahPS1aAx6-mz_wJn8QBLstzN1zyNQPgT795BF8em4d_eLt3qDHLhfpwxwmW4FVnEitF0obvv7xcyNExuRoG3q7uyesRZNAm_W9NUldJKgaCgYKAaESARESFQGOcNnCE86734hu1u2oQIr3pAh_gg0169"}
1	google-oauth2	paresh.prithu2205@gmail.com	2	2023-09-07 15:22:15.319697+05:30	2023-09-10 13:25:45.355316+05:30	{"expires": 3599, "auth_time": 1694332545, "token_type": "Bearer", "access_token": "ya29.a0AfB_byD0At0Ak09_TARXBGipbgtIT_BY3pWzdJU-PWCq2r4W3IpjD66i2i_0yZg7lugJyoUwUNAHSTIQyMLLf_JK8Ajbj-2YVLLPPf_C1rlMkeqmp2HuoeSxfp8u56Hh-U3GPnwMCl7fSx8PTqbbDXm--B0f_hFt2AaCgYKAcMSARMSFQGOcNnChXHHomV-edwmxV0xVDcjlQ0169"}
\.


--
-- Data for Name: socialaccount_socialaccount; Type: TABLE DATA; Schema: public; Owner: postgres
--

COPY public.socialaccount_socialaccount (id, provider, uid, last_login, date_joined, extra_data, user_id) FROM stdin;
\.


--
-- Data for Name: socialaccount_socialapp; Type: TABLE DATA; Schema: public; Owner: postgres
--

COPY public.socialaccount_socialapp (id, provider, name, client_id, secret, key, provider_id, settings) FROM stdin;
\.


--
-- Data for Name: socialaccount_socialtoken; Type: TABLE DATA; Schema: public; Owner: postgres
--

COPY public.socialaccount_socialtoken (id, token, token_secret, expires_at, account_id, app_id) FROM stdin;
\.


--
-- Name: account_emailaddress_id_seq; Type: SEQUENCE SET; Schema: public; Owner: postgres
--

SELECT pg_catalog.setval('public.account_emailaddress_id_seq', 1, false);


--
-- Name: account_emailconfirmation_id_seq; Type: SEQUENCE SET; Schema: public; Owner: postgres
--

SELECT pg_catalog.setval('public.account_emailconfirmation_id_seq', 1, false);


--
-- Name: auth_group_id_seq; Type: SEQUENCE SET; Schema: public; Owner: postgres
--

SELECT pg_catalog.setval('public.auth_group_id_seq', 1, false);


--
-- Name: auth_group_permissions_id_seq; Type: SEQUENCE SET; Schema: public; Owner: postgres
--

SELECT pg_catalog.setval('public.auth_group_permissions_id_seq', 1, false);


--
-- Name: auth_permission_id_seq; Type: SEQUENCE SET; Schema: public; Owner: postgres
--

SELECT pg_catalog.setval('public.auth_permission_id_seq', 76, true);


--
-- Name: auth_user_groups_id_seq; Type: SEQUENCE SET; Schema: public; Owner: postgres
--

SELECT pg_catalog.setval('public.auth_user_groups_id_seq', 1, false);


--
-- Name: auth_user_id_seq; Type: SEQUENCE SET; Schema: public; Owner: postgres
--

SELECT pg_catalog.setval('public.auth_user_id_seq', 20, true);


--
-- Name: auth_user_user_permissions_id_seq; Type: SEQUENCE SET; Schema: public; Owner: postgres
--

SELECT pg_catalog.setval('public.auth_user_user_permissions_id_seq', 1, false);


--
-- Name: django_admin_log_id_seq; Type: SEQUENCE SET; Schema: public; Owner: postgres
--

SELECT pg_catalog.setval('public.django_admin_log_id_seq', 70, true);


--
-- Name: django_content_type_id_seq; Type: SEQUENCE SET; Schema: public; Owner: postgres
--

SELECT pg_catalog.setval('public.django_content_type_id_seq', 19, true);


--
-- Name: django_migrations_id_seq; Type: SEQUENCE SET; Schema: public; Owner: postgres
--

SELECT pg_catalog.setval('public.django_migrations_id_seq', 60, true);


--
-- Name: home_contact_id_seq; Type: SEQUENCE SET; Schema: public; Owner: postgres
--

SELECT pg_catalog.setval('public.home_contact_id_seq', 2, true);


--
-- Name: home_poem_id_seq; Type: SEQUENCE SET; Schema: public; Owner: postgres
--

SELECT pg_catalog.setval('public.home_poem_id_seq', 11, true);


--
-- Name: home_user_id_seq; Type: SEQUENCE SET; Schema: public; Owner: postgres
--

SELECT pg_catalog.setval('public.home_user_id_seq', 1, true);


--
-- Name: social_auth_association_id_seq; Type: SEQUENCE SET; Schema: public; Owner: postgres
--

SELECT pg_catalog.setval('public.social_auth_association_id_seq', 1, false);


--
-- Name: social_auth_code_id_seq; Type: SEQUENCE SET; Schema: public; Owner: postgres
--

SELECT pg_catalog.setval('public.social_auth_code_id_seq', 1, false);


--
-- Name: social_auth_nonce_id_seq; Type: SEQUENCE SET; Schema: public; Owner: postgres
--

SELECT pg_catalog.setval('public.social_auth_nonce_id_seq', 1, false);


--
-- Name: social_auth_partial_id_seq; Type: SEQUENCE SET; Schema: public; Owner: postgres
--

SELECT pg_catalog.setval('public.social_auth_partial_id_seq', 1, false);


--
-- Name: social_auth_usersocialauth_id_seq; Type: SEQUENCE SET; Schema: public; Owner: postgres
--

SELECT pg_catalog.setval('public.social_auth_usersocialauth_id_seq', 2, true);


--
-- Name: socialaccount_socialaccount_id_seq; Type: SEQUENCE SET; Schema: public; Owner: postgres
--

SELECT pg_catalog.setval('public.socialaccount_socialaccount_id_seq', 1, false);


--
-- Name: socialaccount_socialapp_id_seq; Type: SEQUENCE SET; Schema: public; Owner: postgres
--

SELECT pg_catalog.setval('public.socialaccount_socialapp_id_seq', 1, false);


--
-- Name: socialaccount_socialtoken_id_seq; Type: SEQUENCE SET; Schema: public; Owner: postgres
--

SELECT pg_catalog.setval('public.socialaccount_socialtoken_id_seq', 1, false);


--
-- Name: account_emailaddress account_emailaddress_pkey; Type: CONSTRAINT; Schema: public; Owner: postgres
--

ALTER TABLE ONLY public.account_emailaddress
    ADD CONSTRAINT account_emailaddress_pkey PRIMARY KEY (id);


--
-- Name: account_emailaddress account_emailaddress_user_id_email_987c8728_uniq; Type: CONSTRAINT; Schema: public; Owner: postgres
--

ALTER TABLE ONLY public.account_emailaddress
    ADD CONSTRAINT account_emailaddress_user_id_email_987c8728_uniq UNIQUE (user_id, email);


--
-- Name: account_emailconfirmation account_emailconfirmation_key_key; Type: CONSTRAINT; Schema: public; Owner: postgres
--

ALTER TABLE ONLY public.account_emailconfirmation
    ADD CONSTRAINT account_emailconfirmation_key_key UNIQUE (key);


--
-- Name: account_emailconfirmation account_emailconfirmation_pkey; Type: CONSTRAINT; Schema: public; Owner: postgres
--

ALTER TABLE ONLY public.account_emailconfirmation
    ADD CONSTRAINT account_emailconfirmation_pkey PRIMARY KEY (id);


--
-- Name: auth_group auth_group_name_key; Type: CONSTRAINT; Schema: public; Owner: postgres
--

ALTER TABLE ONLY public.auth_group
    ADD CONSTRAINT auth_group_name_key UNIQUE (name);


--
-- Name: auth_group_permissions auth_group_permissions_group_id_permission_id_0cd325b0_uniq; Type: CONSTRAINT; Schema: public; Owner: postgres
--

ALTER TABLE ONLY public.auth_group_permissions
    ADD CONSTRAINT auth_group_permissions_group_id_permission_id_0cd325b0_uniq UNIQUE (group_id, permission_id);


--
-- Name: auth_group_permissions auth_group_permissions_pkey; Type: CONSTRAINT; Schema: public; Owner: postgres
--

ALTER TABLE ONLY public.auth_group_permissions
    ADD CONSTRAINT auth_group_permissions_pkey PRIMARY KEY (id);


--
-- Name: auth_group auth_group_pkey; Type: CONSTRAINT; Schema: public; Owner: postgres
--

ALTER TABLE ONLY public.auth_group
    ADD CONSTRAINT auth_group_pkey PRIMARY KEY (id);


--
-- Name: auth_permission auth_permission_content_type_id_codename_01ab375a_uniq; Type: CONSTRAINT; Schema: public; Owner: postgres
--

ALTER TABLE ONLY public.auth_permission
    ADD CONSTRAINT auth_permission_content_type_id_codename_01ab375a_uniq UNIQUE (content_type_id, codename);


--
-- Name: auth_permission auth_permission_pkey; Type: CONSTRAINT; Schema: public; Owner: postgres
--

ALTER TABLE ONLY public.auth_permission
    ADD CONSTRAINT auth_permission_pkey PRIMARY KEY (id);


--
-- Name: auth_user_groups auth_user_groups_pkey; Type: CONSTRAINT; Schema: public; Owner: postgres
--

ALTER TABLE ONLY public.auth_user_groups
    ADD CONSTRAINT auth_user_groups_pkey PRIMARY KEY (id);


--
-- Name: auth_user_groups auth_user_groups_user_id_group_id_94350c0c_uniq; Type: CONSTRAINT; Schema: public; Owner: postgres
--

ALTER TABLE ONLY public.auth_user_groups
    ADD CONSTRAINT auth_user_groups_user_id_group_id_94350c0c_uniq UNIQUE (user_id, group_id);


--
-- Name: auth_user auth_user_pkey; Type: CONSTRAINT; Schema: public; Owner: postgres
--

ALTER TABLE ONLY public.auth_user
    ADD CONSTRAINT auth_user_pkey PRIMARY KEY (id);


--
-- Name: auth_user_user_permissions auth_user_user_permissions_pkey; Type: CONSTRAINT; Schema: public; Owner: postgres
--

ALTER TABLE ONLY public.auth_user_user_permissions
    ADD CONSTRAINT auth_user_user_permissions_pkey PRIMARY KEY (id);


--
-- Name: auth_user_user_permissions auth_user_user_permissions_user_id_permission_id_14a6b632_uniq; Type: CONSTRAINT; Schema: public; Owner: postgres
--

ALTER TABLE ONLY public.auth_user_user_permissions
    ADD CONSTRAINT auth_user_user_permissions_user_id_permission_id_14a6b632_uniq UNIQUE (user_id, permission_id);


--
-- Name: auth_user auth_user_username_key; Type: CONSTRAINT; Schema: public; Owner: postgres
--

ALTER TABLE ONLY public.auth_user
    ADD CONSTRAINT auth_user_username_key UNIQUE (username);


--
-- Name: django_admin_log django_admin_log_pkey; Type: CONSTRAINT; Schema: public; Owner: postgres
--

ALTER TABLE ONLY public.django_admin_log
    ADD CONSTRAINT django_admin_log_pkey PRIMARY KEY (id);


--
-- Name: django_content_type django_content_type_app_label_model_76bd3d3b_uniq; Type: CONSTRAINT; Schema: public; Owner: postgres
--

ALTER TABLE ONLY public.django_content_type
    ADD CONSTRAINT django_content_type_app_label_model_76bd3d3b_uniq UNIQUE (app_label, model);


--
-- Name: django_content_type django_content_type_pkey; Type: CONSTRAINT; Schema: public; Owner: postgres
--

ALTER TABLE ONLY public.django_content_type
    ADD CONSTRAINT django_content_type_pkey PRIMARY KEY (id);


--
-- Name: django_migrations django_migrations_pkey; Type: CONSTRAINT; Schema: public; Owner: postgres
--

ALTER TABLE ONLY public.django_migrations
    ADD CONSTRAINT django_migrations_pkey PRIMARY KEY (id);


--
-- Name: django_session django_session_pkey; Type: CONSTRAINT; Schema: public; Owner: postgres
--

ALTER TABLE ONLY public.django_session
    ADD CONSTRAINT django_session_pkey PRIMARY KEY (session_key);


--
-- Name: home_contact home_contact_pkey; Type: CONSTRAINT; Schema: public; Owner: postgres
--

ALTER TABLE ONLY public.home_contact
    ADD CONSTRAINT home_contact_pkey PRIMARY KEY (id);


--
-- Name: home_poem home_poem_pkey; Type: CONSTRAINT; Schema: public; Owner: postgres
--

ALTER TABLE ONLY public.home_poem
    ADD CONSTRAINT home_poem_pkey PRIMARY KEY (id);


--
-- Name: home_user home_user_pkey; Type: CONSTRAINT; Schema: public; Owner: postgres
--

ALTER TABLE ONLY public.home_user
    ADD CONSTRAINT home_user_pkey PRIMARY KEY (id);


--
-- Name: social_auth_association social_auth_association_pkey; Type: CONSTRAINT; Schema: public; Owner: postgres
--

ALTER TABLE ONLY public.social_auth_association
    ADD CONSTRAINT social_auth_association_pkey PRIMARY KEY (id);


--
-- Name: social_auth_association social_auth_association_server_url_handle_078befa2_uniq; Type: CONSTRAINT; Schema: public; Owner: postgres
--

ALTER TABLE ONLY public.social_auth_association
    ADD CONSTRAINT social_auth_association_server_url_handle_078befa2_uniq UNIQUE (server_url, handle);


--
-- Name: social_auth_code social_auth_code_email_code_801b2d02_uniq; Type: CONSTRAINT; Schema: public; Owner: postgres
--

ALTER TABLE ONLY public.social_auth_code
    ADD CONSTRAINT social_auth_code_email_code_801b2d02_uniq UNIQUE (email, code);


--
-- Name: social_auth_code social_auth_code_pkey; Type: CONSTRAINT; Schema: public; Owner: postgres
--

ALTER TABLE ONLY public.social_auth_code
    ADD CONSTRAINT social_auth_code_pkey PRIMARY KEY (id);


--
-- Name: social_auth_nonce social_auth_nonce_pkey; Type: CONSTRAINT; Schema: public; Owner: postgres
--

ALTER TABLE ONLY public.social_auth_nonce
    ADD CONSTRAINT social_auth_nonce_pkey PRIMARY KEY (id);


--
-- Name: social_auth_nonce social_auth_nonce_server_url_timestamp_salt_f6284463_uniq; Type: CONSTRAINT; Schema: public; Owner: postgres
--

ALTER TABLE ONLY public.social_auth_nonce
    ADD CONSTRAINT social_auth_nonce_server_url_timestamp_salt_f6284463_uniq UNIQUE (server_url, "timestamp", salt);


--
-- Name: social_auth_partial social_auth_partial_pkey; Type: CONSTRAINT; Schema: public; Owner: postgres
--

ALTER TABLE ONLY public.social_auth_partial
    ADD CONSTRAINT social_auth_partial_pkey PRIMARY KEY (id);


--
-- Name: social_auth_usersocialauth social_auth_usersocialauth_pkey; Type: CONSTRAINT; Schema: public; Owner: postgres
--

ALTER TABLE ONLY public.social_auth_usersocialauth
    ADD CONSTRAINT social_auth_usersocialauth_pkey PRIMARY KEY (id);


--
-- Name: social_auth_usersocialauth social_auth_usersocialauth_provider_uid_e6b5e668_uniq; Type: CONSTRAINT; Schema: public; Owner: postgres
--

ALTER TABLE ONLY public.social_auth_usersocialauth
    ADD CONSTRAINT social_auth_usersocialauth_provider_uid_e6b5e668_uniq UNIQUE (provider, uid);


--
-- Name: socialaccount_socialaccount socialaccount_socialaccount_pkey; Type: CONSTRAINT; Schema: public; Owner: postgres
--

ALTER TABLE ONLY public.socialaccount_socialaccount
    ADD CONSTRAINT socialaccount_socialaccount_pkey PRIMARY KEY (id);


--
-- Name: socialaccount_socialaccount socialaccount_socialaccount_provider_uid_fc810c6e_uniq; Type: CONSTRAINT; Schema: public; Owner: postgres
--

ALTER TABLE ONLY public.socialaccount_socialaccount
    ADD CONSTRAINT socialaccount_socialaccount_provider_uid_fc810c6e_uniq UNIQUE (provider, uid);


--
-- Name: socialaccount_socialapp socialaccount_socialapp_pkey; Type: CONSTRAINT; Schema: public; Owner: postgres
--

ALTER TABLE ONLY public.socialaccount_socialapp
    ADD CONSTRAINT socialaccount_socialapp_pkey PRIMARY KEY (id);


--
-- Name: socialaccount_socialtoken socialaccount_socialtoken_app_id_account_id_fca4e0ac_uniq; Type: CONSTRAINT; Schema: public; Owner: postgres
--

ALTER TABLE ONLY public.socialaccount_socialtoken
    ADD CONSTRAINT socialaccount_socialtoken_app_id_account_id_fca4e0ac_uniq UNIQUE (app_id, account_id);


--
-- Name: socialaccount_socialtoken socialaccount_socialtoken_pkey; Type: CONSTRAINT; Schema: public; Owner: postgres
--

ALTER TABLE ONLY public.socialaccount_socialtoken
    ADD CONSTRAINT socialaccount_socialtoken_pkey PRIMARY KEY (id);


--
-- Name: account_emailaddress_user_id_2c513194; Type: INDEX; Schema: public; Owner: postgres
--

CREATE INDEX account_emailaddress_user_id_2c513194 ON public.account_emailaddress USING btree (user_id);


--
-- Name: account_emailconfirmation_email_address_id_5b7f8c58; Type: INDEX; Schema: public; Owner: postgres
--

CREATE INDEX account_emailconfirmation_email_address_id_5b7f8c58 ON public.account_emailconfirmation USING btree (email_address_id);


--
-- Name: account_emailconfirmation_key_f43612bd_like; Type: INDEX; Schema: public; Owner: postgres
--

CREATE INDEX account_emailconfirmation_key_f43612bd_like ON public.account_emailconfirmation USING btree (key varchar_pattern_ops);


--
-- Name: auth_group_name_a6ea08ec_like; Type: INDEX; Schema: public; Owner: postgres
--

CREATE INDEX auth_group_name_a6ea08ec_like ON public.auth_group USING btree (name varchar_pattern_ops);


--
-- Name: auth_group_permissions_group_id_b120cbf9; Type: INDEX; Schema: public; Owner: postgres
--

CREATE INDEX auth_group_permissions_group_id_b120cbf9 ON public.auth_group_permissions USING btree (group_id);


--
-- Name: auth_group_permissions_permission_id_84c5c92e; Type: INDEX; Schema: public; Owner: postgres
--

CREATE INDEX auth_group_permissions_permission_id_84c5c92e ON public.auth_group_permissions USING btree (permission_id);


--
-- Name: auth_permission_content_type_id_2f476e4b; Type: INDEX; Schema: public; Owner: postgres
--

CREATE INDEX auth_permission_content_type_id_2f476e4b ON public.auth_permission USING btree (content_type_id);


--
-- Name: auth_user_groups_group_id_97559544; Type: INDEX; Schema: public; Owner: postgres
--

CREATE INDEX auth_user_groups_group_id_97559544 ON public.auth_user_groups USING btree (group_id);


--
-- Name: auth_user_groups_user_id_6a12ed8b; Type: INDEX; Schema: public; Owner: postgres
--

CREATE INDEX auth_user_groups_user_id_6a12ed8b ON public.auth_user_groups USING btree (user_id);


--
-- Name: auth_user_user_permissions_permission_id_1fbb5f2c; Type: INDEX; Schema: public; Owner: postgres
--

CREATE INDEX auth_user_user_permissions_permission_id_1fbb5f2c ON public.auth_user_user_permissions USING btree (permission_id);


--
-- Name: auth_user_user_permissions_user_id_a95ead1b; Type: INDEX; Schema: public; Owner: postgres
--

CREATE INDEX auth_user_user_permissions_user_id_a95ead1b ON public.auth_user_user_permissions USING btree (user_id);


--
-- Name: auth_user_username_6821ab7c_like; Type: INDEX; Schema: public; Owner: postgres
--

CREATE INDEX auth_user_username_6821ab7c_like ON public.auth_user USING btree (username varchar_pattern_ops);


--
-- Name: django_admin_log_content_type_id_c4bce8eb; Type: INDEX; Schema: public; Owner: postgres
--

CREATE INDEX django_admin_log_content_type_id_c4bce8eb ON public.django_admin_log USING btree (content_type_id);


--
-- Name: django_admin_log_user_id_c564eba6; Type: INDEX; Schema: public; Owner: postgres
--

CREATE INDEX django_admin_log_user_id_c564eba6 ON public.django_admin_log USING btree (user_id);


--
-- Name: django_session_expire_date_a5c62663; Type: INDEX; Schema: public; Owner: postgres
--

CREATE INDEX django_session_expire_date_a5c62663 ON public.django_session USING btree (expire_date);


--
-- Name: django_session_session_key_c0390e0f_like; Type: INDEX; Schema: public; Owner: postgres
--

CREATE INDEX django_session_session_key_c0390e0f_like ON public.django_session USING btree (session_key varchar_pattern_ops);


--
-- Name: social_auth_code_code_a2393167; Type: INDEX; Schema: public; Owner: postgres
--

CREATE INDEX social_auth_code_code_a2393167 ON public.social_auth_code USING btree (code);


--
-- Name: social_auth_code_code_a2393167_like; Type: INDEX; Schema: public; Owner: postgres
--

CREATE INDEX social_auth_code_code_a2393167_like ON public.social_auth_code USING btree (code varchar_pattern_ops);


--
-- Name: social_auth_code_timestamp_176b341f; Type: INDEX; Schema: public; Owner: postgres
--

CREATE INDEX social_auth_code_timestamp_176b341f ON public.social_auth_code USING btree ("timestamp");


--
-- Name: social_auth_partial_timestamp_50f2119f; Type: INDEX; Schema: public; Owner: postgres
--

CREATE INDEX social_auth_partial_timestamp_50f2119f ON public.social_auth_partial USING btree ("timestamp");


--
-- Name: social_auth_partial_token_3017fea3; Type: INDEX; Schema: public; Owner: postgres
--

CREATE INDEX social_auth_partial_token_3017fea3 ON public.social_auth_partial USING btree (token);


--
-- Name: social_auth_partial_token_3017fea3_like; Type: INDEX; Schema: public; Owner: postgres
--

CREATE INDEX social_auth_partial_token_3017fea3_like ON public.social_auth_partial USING btree (token varchar_pattern_ops);


--
-- Name: social_auth_usersocialauth_uid_796e51dc; Type: INDEX; Schema: public; Owner: postgres
--

CREATE INDEX social_auth_usersocialauth_uid_796e51dc ON public.social_auth_usersocialauth USING btree (uid);


--
-- Name: social_auth_usersocialauth_uid_796e51dc_like; Type: INDEX; Schema: public; Owner: postgres
--

CREATE INDEX social_auth_usersocialauth_uid_796e51dc_like ON public.social_auth_usersocialauth USING btree (uid varchar_pattern_ops);


--
-- Name: social_auth_usersocialauth_user_id_17d28448; Type: INDEX; Schema: public; Owner: postgres
--

CREATE INDEX social_auth_usersocialauth_user_id_17d28448 ON public.social_auth_usersocialauth USING btree (user_id);


--
-- Name: socialaccount_socialaccount_user_id_8146e70c; Type: INDEX; Schema: public; Owner: postgres
--

CREATE INDEX socialaccount_socialaccount_user_id_8146e70c ON public.socialaccount_socialaccount USING btree (user_id);


--
-- Name: socialaccount_socialtoken_account_id_951f210e; Type: INDEX; Schema: public; Owner: postgres
--

CREATE INDEX socialaccount_socialtoken_account_id_951f210e ON public.socialaccount_socialtoken USING btree (account_id);


--
-- Name: socialaccount_socialtoken_app_id_636a42d7; Type: INDEX; Schema: public; Owner: postgres
--

CREATE INDEX socialaccount_socialtoken_app_id_636a42d7 ON public.socialaccount_socialtoken USING btree (app_id);


--
-- Name: unique_verified_email; Type: INDEX; Schema: public; Owner: postgres
--

CREATE UNIQUE INDEX unique_verified_email ON public.account_emailaddress USING btree (email) WHERE verified;


--
-- Name: account_emailaddress account_emailaddress_user_id_2c513194_fk_auth_user_id; Type: FK CONSTRAINT; Schema: public; Owner: postgres
--

ALTER TABLE ONLY public.account_emailaddress
    ADD CONSTRAINT account_emailaddress_user_id_2c513194_fk_auth_user_id FOREIGN KEY (user_id) REFERENCES public.auth_user(id) DEFERRABLE INITIALLY DEFERRED;


--
-- Name: account_emailconfirmation account_emailconfirm_email_address_id_5b7f8c58_fk_account_e; Type: FK CONSTRAINT; Schema: public; Owner: postgres
--

ALTER TABLE ONLY public.account_emailconfirmation
    ADD CONSTRAINT account_emailconfirm_email_address_id_5b7f8c58_fk_account_e FOREIGN KEY (email_address_id) REFERENCES public.account_emailaddress(id) DEFERRABLE INITIALLY DEFERRED;


--
-- Name: auth_group_permissions auth_group_permissio_permission_id_84c5c92e_fk_auth_perm; Type: FK CONSTRAINT; Schema: public; Owner: postgres
--

ALTER TABLE ONLY public.auth_group_permissions
    ADD CONSTRAINT auth_group_permissio_permission_id_84c5c92e_fk_auth_perm FOREIGN KEY (permission_id) REFERENCES public.auth_permission(id) DEFERRABLE INITIALLY DEFERRED;


--
-- Name: auth_group_permissions auth_group_permissions_group_id_b120cbf9_fk_auth_group_id; Type: FK CONSTRAINT; Schema: public; Owner: postgres
--

ALTER TABLE ONLY public.auth_group_permissions
    ADD CONSTRAINT auth_group_permissions_group_id_b120cbf9_fk_auth_group_id FOREIGN KEY (group_id) REFERENCES public.auth_group(id) DEFERRABLE INITIALLY DEFERRED;


--
-- Name: auth_permission auth_permission_content_type_id_2f476e4b_fk_django_co; Type: FK CONSTRAINT; Schema: public; Owner: postgres
--

ALTER TABLE ONLY public.auth_permission
    ADD CONSTRAINT auth_permission_content_type_id_2f476e4b_fk_django_co FOREIGN KEY (content_type_id) REFERENCES public.django_content_type(id) DEFERRABLE INITIALLY DEFERRED;


--
-- Name: auth_user_groups auth_user_groups_group_id_97559544_fk_auth_group_id; Type: FK CONSTRAINT; Schema: public; Owner: postgres
--

ALTER TABLE ONLY public.auth_user_groups
    ADD CONSTRAINT auth_user_groups_group_id_97559544_fk_auth_group_id FOREIGN KEY (group_id) REFERENCES public.auth_group(id) DEFERRABLE INITIALLY DEFERRED;


--
-- Name: auth_user_groups auth_user_groups_user_id_6a12ed8b_fk_auth_user_id; Type: FK CONSTRAINT; Schema: public; Owner: postgres
--

ALTER TABLE ONLY public.auth_user_groups
    ADD CONSTRAINT auth_user_groups_user_id_6a12ed8b_fk_auth_user_id FOREIGN KEY (user_id) REFERENCES public.auth_user(id) DEFERRABLE INITIALLY DEFERRED;


--
-- Name: auth_user_user_permissions auth_user_user_permi_permission_id_1fbb5f2c_fk_auth_perm; Type: FK CONSTRAINT; Schema: public; Owner: postgres
--

ALTER TABLE ONLY public.auth_user_user_permissions
    ADD CONSTRAINT auth_user_user_permi_permission_id_1fbb5f2c_fk_auth_perm FOREIGN KEY (permission_id) REFERENCES public.auth_permission(id) DEFERRABLE INITIALLY DEFERRED;


--
-- Name: auth_user_user_permissions auth_user_user_permissions_user_id_a95ead1b_fk_auth_user_id; Type: FK CONSTRAINT; Schema: public; Owner: postgres
--

ALTER TABLE ONLY public.auth_user_user_permissions
    ADD CONSTRAINT auth_user_user_permissions_user_id_a95ead1b_fk_auth_user_id FOREIGN KEY (user_id) REFERENCES public.auth_user(id) DEFERRABLE INITIALLY DEFERRED;


--
-- Name: django_admin_log django_admin_log_content_type_id_c4bce8eb_fk_django_co; Type: FK CONSTRAINT; Schema: public; Owner: postgres
--

ALTER TABLE ONLY public.django_admin_log
    ADD CONSTRAINT django_admin_log_content_type_id_c4bce8eb_fk_django_co FOREIGN KEY (content_type_id) REFERENCES public.django_content_type(id) DEFERRABLE INITIALLY DEFERRED;


--
-- Name: django_admin_log django_admin_log_user_id_c564eba6_fk_auth_user_id; Type: FK CONSTRAINT; Schema: public; Owner: postgres
--

ALTER TABLE ONLY public.django_admin_log
    ADD CONSTRAINT django_admin_log_user_id_c564eba6_fk_auth_user_id FOREIGN KEY (user_id) REFERENCES public.auth_user(id) DEFERRABLE INITIALLY DEFERRED;


--
-- Name: social_auth_usersocialauth social_auth_usersocialauth_user_id_17d28448_fk_auth_user_id; Type: FK CONSTRAINT; Schema: public; Owner: postgres
--

ALTER TABLE ONLY public.social_auth_usersocialauth
    ADD CONSTRAINT social_auth_usersocialauth_user_id_17d28448_fk_auth_user_id FOREIGN KEY (user_id) REFERENCES public.auth_user(id) DEFERRABLE INITIALLY DEFERRED;


--
-- Name: socialaccount_socialtoken socialaccount_social_account_id_951f210e_fk_socialacc; Type: FK CONSTRAINT; Schema: public; Owner: postgres
--

ALTER TABLE ONLY public.socialaccount_socialtoken
    ADD CONSTRAINT socialaccount_social_account_id_951f210e_fk_socialacc FOREIGN KEY (account_id) REFERENCES public.socialaccount_socialaccount(id) DEFERRABLE INITIALLY DEFERRED;


--
-- Name: socialaccount_socialtoken socialaccount_social_app_id_636a42d7_fk_socialacc; Type: FK CONSTRAINT; Schema: public; Owner: postgres
--

ALTER TABLE ONLY public.socialaccount_socialtoken
    ADD CONSTRAINT socialaccount_social_app_id_636a42d7_fk_socialacc FOREIGN KEY (app_id) REFERENCES public.socialaccount_socialapp(id) DEFERRABLE INITIALLY DEFERRED;


--
-- Name: socialaccount_socialaccount socialaccount_socialaccount_user_id_8146e70c_fk_auth_user_id; Type: FK CONSTRAINT; Schema: public; Owner: postgres
--

ALTER TABLE ONLY public.socialaccount_socialaccount
    ADD CONSTRAINT socialaccount_socialaccount_user_id_8146e70c_fk_auth_user_id FOREIGN KEY (user_id) REFERENCES public.auth_user(id) DEFERRABLE INITIALLY DEFERRED;


--
-- PostgreSQL database dump complete
--

